key,pos,count,idf
nface,0,5,8.692323
maximum,1,13,7.736743
key,2,2,9.608646
stores,3,5,8.692323
digitally,4,10,7.999007
european,5,3,9.203215
nvideo,6,2,9.608646
beautifully,7,3,9.203215
quality,8,103,5.666427
powershot,9,15,7.593374
models,10,6,8.509967
transfer,11,2,9.608646
sports,12,7,8.355850
original,13,66,6.111467
nincluded,14,3,9.203215
continuous,15,39,6.637258
beach,16,2,9.608646
two,17,8,8.222285
copy,18,3,9.203215
beige,19,2,9.608646
locationlenscolour,20,2,9.608646
beautiful,21,5,8.692323
sacrificing,22,2,9.608646
online,23,14,7.662468
integrated,24,24,7.123673
loaded,25,4,8.915432
professionally,26,8,8.222285
reduces,27,4,8.915432
displaydisplaytftdisplay,28,2,9.608646
files,29,56,6.274762
enhanced,30,5,8.692323
shadows,31,4,8.915432
swivel,32,2,9.608646
second,33,26,7.043160
pricedekho,34,5,8.692323
miniature,35,5,8.692323
medium,36,7,8.355850
including,37,32,6.835185
ion,38,37,6.690842
photographic,39,4,8.915432
terms,40,2,9.608646
brilliant,41,4,8.915432
xqd,42,2,9.608646
improper,43,2,9.608646
computer,44,2,9.608646
yeswi,45,2,9.608646
ndimensions,46,2,9.608646
german,47,5,8.692323
overlay,48,3,9.203215
approx,49,18,7.410952
view,50,71,6.037871
meijer,51,3,9.203215
sync,52,43,6.539586
taking,53,11,7.903596
exc,54,2,9.608646
sunset,55,7,8.355850
month,56,3,9.203215
sound,57,20,7.305860
shooting,58,120,5.513429
shoot,59,56,6.274762
something,60,6,8.509967
finepix,61,6,8.509967
mic,62,2,9.608646
mid,63,4,8.915432
clips,64,6,8.509967
wireless,65,16,7.528869
free,66,19,7.356918
eye,67,57,6.257668
min,68,7,8.355850
true,69,4,8.915432
extechnical,70,2,9.608646
number,71,68,6.082219
moves,72,2,9.608646
mark,73,10,7.999007
requirementswindows,74,2,9.608646
standard,75,45,6.493754
depth,76,10,7.999007
neutral,77,26,7.043160
width,78,2,9.608646
handmade,79,48,6.429719
avchd,80,6,8.509967
swipe,81,4,8.915432
incorrect,82,4,8.915432
capabilities,83,26,7.043160
brazilian,84,3,9.203215
costs,85,3,9.203215
temperature,86,30,6.899723
denotes,87,4,8.915432
cmweight,88,4,8.915432
russian,89,5,8.692323
construction,90,2,9.608646
heads,91,4,8.915432
magnesium,92,26,7.043160
marvel,93,4,8.915432
unprecedented,94,4,8.915432
isn,95,10,7.999007
iso,96,87,5.834811
nscreen,97,2,9.608646
short,98,2,9.608646
nstatus,99,2,9.608646
confuse,100,3,9.203215
glass,101,8,8.222285
comparison,102,40,6.612041
portions,103,56,6.274762
onto,104,5,8.692323
control,105,110,5.598422
straighten,106,3,9.203215
batteries,107,10,7.999007
mauto,108,2,9.608646
extend,109,2,9.608646
striking,110,4,8.915432
nix,111,2,9.608646
organization,112,5,8.692323
viewfinderoptical,113,2,9.608646
windows,114,12,7.816820
dial,115,5,8.692323
npredictive,116,2,9.608646
equivalent,117,47,6.450470
processordigic,118,2,9.608646
damaged,119,3,9.203215
being,120,6,8.509967
presets,121,19,7.356918
included,122,8,8.222285
night,123,13,7.736743
landscape,124,24,7.123673
nmovies,125,2,9.608646
sufficient,126,6,8.509967
shots,127,32,6.835185
allows,128,4,8.915432
nexposure,129,3,9.203215
damage,130,2,9.608646
includes,131,33,6.804615
helps,132,8,8.222285
gifts,133,4,8.915432
further,134,5,8.692323
dark,135,3,9.203215
enough,136,5,8.692323
adapter,137,6,8.509967
enterprise,138,2,9.608646
nmemory,139,3,9.203215
experienced,140,4,8.915432
sflashflash,141,2,9.608646
customizable,142,5,8.692323
monaural,143,11,7.903596
softwarewindows,144,2,9.608646
person,145,2,9.608646
increments,146,7,8.355850
variables,147,9,8.104402
outcome,148,5,8.692323
visit,149,2,9.608646
adjustable,150,3,9.203215
nikon,151,312,4.553877
available,152,15,7.593374
analyzes,153,4,8.915432
consequential,154,2,9.608646
dials,155,3,9.203215
millions,156,4,8.915432
mov,157,31,6.866933
nslow,158,3,9.203215
u,159,289,4.634729
electrical,160,2,9.608646
auto,161,153,5.267858
data,162,18,7.410952
nyes,163,2,9.608646
finish,164,5,8.692323
anything,165,3,9.203215
mpf,166,6,8.509967
offers,167,91,5.789960
interfacevideo,168,2,9.608646
good,169,8,8.222285
mpn,170,2,9.608646
meter,171,2,9.608646
grabmore,172,2,9.608646
stylish,173,4,8.915432
shows,174,3,9.203215
mpx,175,7,8.355850
under,176,2,9.608646
microphoneyesaudio,177,2,9.608646
thing,178,7,8.355850
nnormal,179,5,8.692323
nstereo,180,2,9.608646
baseline,181,17,7.468513
taiwan,182,2,9.608646
components,183,3,9.203215
around,184,8,8.222285
equiv,185,2,9.608646
intended,186,237,4.828314
detects,187,4,8.915432
stands,188,5,8.692323
cammarkt,189,5,8.692323
compression,190,7,8.355850
light,191,25,7.082549
njpeg,192,5,8.692323
pixels,193,120,5.513429
batterybattery,194,2,9.608646
cosmetic,195,217,4.919981
viewing,196,34,6.775366
conditions,197,33,6.804615
notice,198,6,8.509967
adding,199,4,8.915432
sdxcmemory,200,2,9.608646
l,201,5,8.692323
separate,202,5,8.692323
lbs,203,10,7.999007
ndistance,204,2,9.608646
turkis,205,2,9.608646
gre,206,2,9.608646
bit,207,41,6.587550
ita,208,2,9.608646
memories,209,4,8.915432
pentaprism,210,14,7.662468
korean,211,5,8.692323
nmotion,212,4,8.915432
supported,213,8,8.222285
snow,214,4,8.915432
conversion,215,6,8.509967
frame,216,115,5.556828
case,217,50,6.388561
ir,218,2,9.608646
best,219,24,7.123673
download,220,3,9.203215
half,221,12,7.816820
found,222,47,6.450470
qld,223,11,7.903596
xoptical,224,2,9.608646
ncl,225,2,9.608646
know,226,4,8.915432
combats,227,4,8.915432
infrared,228,4,8.915432
ukrdirect,229,2,9.608646
reflected,230,56,6.274762
pixelssensor,231,4,8.915432
mtp,232,2,9.608646
bring,233,4,8.915432
refurbished,234,10,7.999007
modesfireworks,235,2,9.608646
natural,236,27,7.005789
manufactures,237,2,9.608646
fantastic,238,5,8.692323
nfinetuning,239,2,9.608646
grid,240,3,9.203215
nwhere,241,4,8.915432
infinity,242,5,8.692323
nprimary,243,2,9.608646
mini,244,47,6.450470
navailable,245,5,8.692323
days,246,9,8.104402
movies,247,62,6.173786
images,248,122,5.497168
mint,249,11,7.903596
functions,250,252,4.770685
fastest,251,6,8.509967
hand,252,8,8.222285
nflash,253,8,8.222285
equally,254,5,8.692323
dioptric,255,4,8.915432
retaining,256,4,8.915432
excluding,257,3,9.203215
japanese,258,7,8.355850
mountwith,259,2,9.608646
multi,260,92,5.777652
absorbs,261,4,8.915432
cmheight,262,4,8.915432
body,263,262,4.727388
partners,264,3,9.203215
effective,265,9,8.104402
exchangeable,266,3,9.203215
retail,267,47,6.450470
autofocus,268,76,5.968708
points,269,92,5.777652
color,270,66,6.111467
shown,271,7,8.355850
detected,272,4,8.915432
carefully,273,3,9.203215
essential,274,4,8.915432
wallet,275,3,9.203215
connectoryesvideovideo,276,2,9.608646
depending,277,58,6.240276
vietnamese,278,4,8.915432
million,279,10,7.999007
ncompact,280,2,9.608646
play,281,4,8.915432
tamil,282,3,9.203215
zooms,283,5,8.692323
small,284,7,8.355850
modified,285,3,9.203215
keeping,286,2,9.608646
shadow,287,2,9.608646
dsc,288,2,9.608646
shield,289,3,9.203215
ngps,290,2,9.608646
availability,291,11,7.903596
import,292,2,9.608646
eyepiece,293,9,8.104402
pop,294,15,7.593374
nmicrophone,295,2,9.608646
picture,296,22,7.210080
nfocal,297,2,9.608646
center,298,110,5.598422
warranties,299,5,8.692323
implied,300,2,9.608646
nminimum,301,2,9.608646
micor,302,2,9.608646
box,303,55,6.293419
instead,304,5,8.692323
includedyes,305,2,9.608646
dims,306,5,8.692323
nnikon,307,2,9.608646
kolkata,308,2,9.608646
nxp,309,2,9.608646
pro,310,10,7.999007
casual,311,5,8.692323
slots,312,8,8.222285
understand,313,5,8.692323
area,314,77,5.955837
printingyesbuilt,315,2,9.608646
processing,316,37,6.690842
fussing,317,4,8.915432
crystal,318,13,7.736743
dynamic,319,56,6.274762
lv,320,2,9.608646
sunlight,321,12,7.816820
distortion,322,4,8.915432
lifestyle,323,4,8.915432
image,324,153,5.267858
create,325,9,8.104402
rule,326,4,8.915432
programmed,327,13,7.736743
sand,328,2,9.608646
cx,329,3,9.203215
fin,330,2,9.608646
information,331,85,5.857933
arabic,332,4,8.915432
thai,333,4,8.915432
refers,334,5,8.692323
charge,335,6,8.509967
coperating,336,4,8.915432
moment,337,15,7.593374
ukr,338,2,9.608646
caused,339,2,9.608646
ilgs,340,6,8.509967
nother,341,2,9.608646
splayback,342,2,9.608646
recording,343,85,5.857933
pickups,344,4,8.915432
considered,345,6,8.509967
tamron,346,3,9.203215
strikes,347,4,8.915432
unit,348,7,8.355850
help,349,9,8.104402
here,350,7,8.355850
functionsauto,351,2,9.608646
value,352,8,8.222285
xdigital,353,2,9.608646
mah,354,2,9.608646
based,355,17,7.468513
upon,356,49,6.408529
total,357,2,9.608646
bonus,358,2,9.608646
showplayback,359,2,9.608646
tested,360,4,8.915432
indoor,361,6,8.509967
pictures,362,39,6.637258
yes,363,69,6.066108
pressing,364,3,9.203215
modeld,365,2,9.608646
contentbundled,366,4,8.915432
combine,367,7,8.355850
november,368,4,8.915432
nwhite,369,2,9.608646
years,370,2,9.608646
supplied,371,3,9.203215
smart,372,13,7.736743
socket,373,2,9.608646
moving,374,60,6.206576
fixed,375,23,7.166266
manua,376,3,9.203215
before,377,28,6.968851
nfill,378,2,9.608646
notion,379,3,9.203215
international,380,6,8.509967
traditional,381,5,8.692323
association,382,5,8.692323
setting,383,13,7.736743
high,384,83,5.880533
vivid,385,17,7.468513
incidental,386,2,9.608646
field,387,10,7.999007
acquisition,388,46,6.472346
fisheye,389,10,7.999007
shutter,390,62,6.173786
buy,391,21,7.257003
contrary,392,2,9.608646
correction,393,9,8.104402
modesbasic,394,2,9.608646
terminal,395,6,8.509967
floor,396,140,5.356586
stock,397,4,8.915432
mechanical,398,4,8.915432
upc,399,2,9.608646
dpof,400,27,7.005789
contrast,401,65,6.126869
ieee,402,4,8.915432
portuguese,403,5,8.692323
manufacturing,404,2,9.608646
shuttercamera,405,2,9.608646
worlds,406,6,8.509967
photograph,407,2,9.608646
pictbridge,408,11,7.903596
noise,409,34,6.775366
factor,410,6,8.509967
snapshot,411,3,9.203215
signal,412,3,9.203215
certain,413,40,6.612041
looking,414,10,7.999007
unlike,415,6,8.509967
nred,416,6,8.509967
extraordinary,417,6,8.509967
anti,418,11,7.903596
requirementsmac,419,2,9.608646
unless,420,36,6.717805
megapixel,421,66,6.111467
real,422,24,7.123673
defect,423,2,9.608646
bright,424,27,7.005789
shipping,425,12,7.816820
designed,426,24,7.123673
fw,427,3,9.203215
focal,428,21,7.257003
act,429,3,9.203215
enable,430,5,8.692323
fps,431,38,6.663133
preview,432,6,8.509967
much,433,5,8.692323
vendor,434,7,8.355850
exposurelight,435,2,9.608646
naf,436,2,9.608646
burst,437,23,7.166266
nai,438,2,9.608646
pace,439,3,9.203215
pack,440,5,8.692323
select,441,25,7.082549
nstorage,442,2,9.608646
standards,443,7,8.355850
mobile,444,2,9.608646
usa,445,18,7.410952
usb,446,31,6.866933
addition,447,33,6.804615
use,448,14,7.662468
histogram,449,9,8.104402
flattering,450,4,8.915432
factors,451,5,8.692323
nnear,452,2,9.608646
usm,453,9,8.104402
remarkable,454,4,8.915432
sport,455,2,9.608646
nnon,456,7,8.355850
support,457,7,8.355850
varying,458,2,9.608646
special,459,8,8.222285
nbuilt,460,3,9.203215
point,461,49,6.408529
arising,462,2,9.608646
watch,463,4,8.915432
model,464,211,4.948760
means,465,20,7.305860
inches,466,7,8.355850
uncompressed,467,5,8.692323
nch,468,2,9.608646
redefine,469,3,9.203215
monochrome,470,20,7.305860
collect,471,3,9.203215
twin,472,4,8.915432
exhibiting,473,58,6.240276
ability,474,24,7.123673
macro,475,11,7.903596
portrait,476,26,7.043160
backlit,477,3,9.203215
avc,478,6,8.509967
cameras,479,59,6.222576
strap,480,106,5.638355
return,481,229,4.867535
centre,482,4,8.915432
nftp,483,2,9.608646
better,484,7,8.355850
sensoryeson,485,2,9.608646
horizontal,486,13,7.736743
duration,487,4,8.915432
remote,488,18,7.410952
both,489,37,6.690842
french,490,6,8.509967
stereo,491,26,7.043160
reliability,492,4,8.915432
lexar,493,2,9.608646
black,494,223,4.890349
progression,495,5,8.692323
weatherproof,496,2,9.608646
seeking,497,4,8.915432
net,498,13,7.736743
insurance,499,4,8.915432
new,500,321,4.521789
nex,501,4,8.915432
shake,502,6,8.509967
deactivates,503,4,8.915432
super,504,10,7.999007
last,505,2,9.608646
nfc,506,2,9.608646
three,507,82,5.894403
option,508,5,8.692323
missing,509,12,7.816820
linear,510,6,8.509967
cont,511,2,9.608646
inch,512,26,7.043160
missed,513,6,8.509967
compensation,514,9,8.104402
cmminimum,515,2,9.608646
lineup,516,3,9.203215
cmmaximum,517,2,9.608646
makes,518,8,8.222285
synchronization,519,2,9.608646
delete,520,64,6.142037
factory,521,5,8.692323
electronically,522,7,8.355850
enlarge,523,6,8.509967
smile,524,4,8.915432
bayonet,525,3,9.203215
system,526,54,6.311735
example,527,5,8.692323
developed,528,51,6.369901
farther,529,2,9.608646
creating,530,7,8.355850
designcolour,531,2,9.608646
calls,532,3,9.203215
world,533,11,7.903596
accessories,534,16,7.528869
nwide,535,8,8.222285
highlight,536,7,8.355850
nhi,537,2,9.608646
life,538,29,6.934397
jpg,539,2,9.608646
feedback,540,3,9.203215
durable,541,4,8.915432
pixelsaudiobuilt,542,2,9.608646
jpn,543,2,9.608646
format,544,37,6.690842
cross,545,59,6.222576
nsensor,546,2,9.608646
joystick,547,3,9.203215
lens,548,222,4.897840
floppy,549,5,8.692323
care,550,2,9.608646
nif,551,5,8.692323
hindi,552,3,9.203215
common,553,5,8.692323
supportedaacmemorycompatible,554,2,9.608646
needs,555,2,9.608646
nhalf,556,2,9.608646
adapters,557,2,9.608646
nstill,558,3,9.203215
green,559,5,8.692323
negotiable,560,2,9.608646
soft,561,10,7.999007
extremely,562,56,6.274762
choose,563,11,7.903596
plus,564,14,7.662468
applicable,565,3,9.203215
panorama,566,13,7.736743
meters,567,5,8.692323
cam,568,62,6.173786
cap,569,15,7.593374
appending,570,5,8.692323
nsw,571,11,7.903596
pixelsfield,572,2,9.608646
nno,573,2,9.608646
directly,574,8,8.222285
extra,575,62,6.173786
benefit,576,2,9.608646
thanks,577,24,7.123673
thailand,578,6,8.509967
mountain,579,2,9.608646
purse,580,4,8.915432
fool,581,4,8.915432
detail,582,67,6.095825
accurately,583,21,7.257003
optimized,584,2,9.608646
stops,585,3,9.203215
angles,586,4,8.915432
mirror,587,10,7.999007
modifications,588,2,9.608646
items,589,5,8.692323
optimizer,590,3,9.203215
optimizes,591,4,8.915432
apple,592,3,9.203215
ccd,593,18,7.410952
finnish,594,5,8.692323
even,595,10,7.999007
rated,596,12,7.816820
intelligence,597,4,8.915432
instructions,598,2,9.608646
wrist,599,90,5.799093
appear,600,2,9.608646
red,601,50,6.388561
quick,602,10,7.999007
sharp,603,6,8.509967
rates,604,23,7.166266
blurry,605,30,6.899723
enlarged,606,6,8.509967
generally,607,6,8.509967
flexibility,608,27,7.005789
filming,609,3,9.203215
in,610,2,9.608646
res,611,2,9.608646
write,612,14,7.662468
noperational,613,218,4.912655
store,614,259,4.744932
ground,615,23,7.166266
opening,616,5,8.692323
servicing,617,2,9.608646
less,618,11,7.903596
detect,619,77,5.955837
cds,620,5,8.692323
relative,621,3,9.203215
increases,622,4,8.915432
productblackwhite,623,3,9.203215
bangalore,624,13,7.736743
catch,625,4,8.915432
framing,626,8,8.222285
onboard,627,4,8.915432
ngenuine,628,5,8.692323
aperture,629,37,6.690842
ensuring,630,5,8.692323
losing,631,6,8.509967
removed,632,4,8.915432
form,633,12,7.816820
lets,634,11,7.903596
brandnikon,635,2,9.608646
purchase,636,6,8.509967
continuously,637,6,8.509967
ft,638,5,8.692323
tungstenscene,639,4,8.915432
npower,640,2,9.608646
quiet,641,3,9.203215
non,642,53,6.331502
channels,643,2,9.608646
held,644,4,8.915432
helpful,645,5,8.692323
creative,646,22,7.210080
now,647,2,9.608646
web,648,11,7.903596
focusclosest,649,2,9.608646
nrequires,650,2,9.608646
ahmedabad,651,2,9.608646
groups,652,8,8.222285
compact,653,28,6.968851
priority,654,35,6.746412
shade,655,32,6.835185
everything,656,14,7.662468
effort,657,4,8.915432
compliant,658,20,7.305860
line,659,7,8.355850
nself,660,3,9.203215
fully,661,225,4.882802
valid,662,2,9.608646
solid,663,23,7.166266
millimeters,664,3,9.203215
look,665,15,7.593374
speedlights,666,3,9.203215
resulting,667,2,9.608646
ratio,668,11,7.903596
continous,669,3,9.203215
viewed,670,5,8.692323
pick,671,6,8.509967
lion,672,2,9.608646
malfunctions,673,2,9.608646
chi,674,2,9.608646
ready,675,8,8.222285
nkey,676,2,9.608646
vba,677,12,7.816820
four,678,5,8.692323
adaptor,679,6,8.509967
zealand,680,31,6.866933
renowned,681,4,8.915432
multimediacard,682,5,8.692323
exposureiso,683,2,9.608646
camera,684,453,4.174387
element,685,2,9.608646
simultaneously,686,9,8.104402
gently,687,3,9.203215
advanced,688,24,7.123673
higher,689,14,7.662468
effects,690,6,8.509967
authorized,691,2,9.608646
a,692,35,6.746412
b,693,138,5.370638
c,694,27,7.005789
d,695,480,4.127134
india,696,33,6.804615
f,697,22,7.210080
team,698,5,8.692323
h,699,2,9.608646
i,700,6,8.509967
j,701,17,7.468513
k,702,20,7.305860
highest,703,3,9.203215
m,704,13,7.736743
n,705,46,6.472346
subject,706,94,5.755742
date,707,6,8.509967
s,708,293,4.615120
t,709,3,9.203215
hues,710,5,8.692323
x,711,284,4.644391
lines,712,2,9.608646
panasonic,713,2,9.608646
vdc,714,2,9.608646
vvk,715,3,9.203215
related,716,4,8.915432
kelvin,717,3,9.203215
performed,718,2,9.608646
profits,719,2,9.608646
closer,720,8,8.222285
closes,721,5,8.692323
hdyesanalog,722,2,9.608646
capture,723,60,6.206576
video,724,126,5.463832
systems,725,2,9.608646
imagine,726,10,7.999007
imaging,727,31,6.866933
beamyeslight,728,4,8.915432
focus,729,109,5.609472
nfull,730,6,8.509967
sdhc,731,44,6.516193
footage,732,3,9.203215
shoe,733,10,7.999007
space,734,5,8.692323
ver,735,4,8.915432
polish,736,5,8.692323
screens,737,4,8.915432
microdrive,738,4,8.915432
optimal,739,5,8.692323
program,740,24,7.123673
catalog,741,3,9.203215
interchangeable,742,25,7.082549
values,743,4,8.915432
dust,744,14,7.662468
touch,745,5,8.692323
sort,746,5,8.692323
selected,747,63,6.156979
shotsbattery,748,2,9.608646
applies,749,4,8.915432
predictive,750,4,8.915432
back,751,8,8.222285
provided,752,9,8.104402
powerful,753,4,8.915432
protrusions,754,2,9.608646
respective,755,2,9.608646
turns,756,4,8.915432
cipa,757,7,8.355850
vga,758,5,8.692323
intelligent,759,32,6.835185
required,760,2,9.608646
scale,761,5,8.692323
saturation,762,10,7.999007
hands,763,2,9.608646
potential,764,7,8.355850
tracking,765,68,6.082219
gives,766,25,7.082549
extras,767,11,7.903596
assignments,768,3,9.203215
yourself,769,4,8.915432
touchscreenno,770,2,9.608646
adopted,771,5,8.692323
period,772,6,8.509967
forced,773,4,8.915432
synchro,774,8,8.222285
filter,775,45,6.493754
nwith,776,4,8.915432
local,777,4,8.915432
bridge,778,2,9.608646
live,779,50,6.388561
locked,780,3,9.203215
expressed,781,3,9.203215
detailshdmiyesdirect,782,2,9.608646
receiver,783,2,9.608646
dedicated,784,8,8.222285
swedish,785,5,8.692323
review,786,18,7.410952
sull,787,2,9.608646
determine,788,9,8.104402
com,789,25,7.082549
remarkably,790,4,8.915432
exquisite,791,8,8.222285
vic,792,12,7.816820
absolutely,793,9,8.104402
opens,794,239,4.820282
smaller,795,3,9.203215
september,796,4,8.915432
pass,797,3,9.203215
positionwithout,798,2,9.608646
gift,799,5,8.692323
fidgety,800,6,8.509967
pixelsmemorycompatible,801,2,9.608646
mflash,802,2,9.608646
method,803,2,9.608646
screenwith,804,2,9.608646
allowing,805,8,8.222285
transportation,806,2,9.608646
adjustment,807,13,7.736743
built,808,72,6.023448
instant,809,8,8.222285
faces,810,4,8.915432
culmination,811,3,9.203215
such,812,56,6.274762
highly,813,3,9.203215
cpu,814,4,8.915432
ghz,815,2,9.608646
exmor,816,6,8.509967
group,817,8,8.222285
qualitysupported,818,2,9.608646
labor,819,3,9.203215
slide,820,5,8.692323
spanish,821,5,8.692323
apply,822,2,9.608646
silver,823,4,8.915432
result,824,10,7.999007
modeslandscape,825,2,9.608646
sensor,826,111,5.590987
selection,827,13,7.736743
boost,828,2,9.608646
gradation,829,2,9.608646
during,830,55,6.293419
contact,831,2,9.608646
humidity,832,4,8.915432
abuse,833,2,9.608646
amount,834,35,6.746412
evaluative,835,5,8.692323
micro,836,9,8.104402
aa,837,17,7.468513
ac,838,15,7.593374
keep,839,3,9.203215
ae,840,21,7.257003
sinterfaceusbcompatible,841,2,9.608646
module,842,52,6.349139
restored,843,9,8.104402
protected,844,7,8.355850
al,845,2,9.608646
autofocuses,846,4,8.915432
pink,847,3,9.203215
av,848,6,8.509967
dimensions,849,50,6.388561
crop,850,7,8.355850
beat,851,6,8.509967
cameracolour,852,2,9.608646
hunt,853,2,9.608646
ukrainian,854,3,9.203215
bb,855,30,6.899723
typebatteryoperating,856,4,8.915432
paypal,857,6,8.509967
enthusiast,858,6,8.509967
bg,859,4,8.915432
dual,860,36,6.717805
coverage,861,30,6.899723
draw,862,3,9.203215
camerafarm,863,12,7.816820
colourblack,864,2,9.608646
rum,865,2,9.608646
particular,866,4,8.915432
modescontinuous,867,2,9.608646
rus,868,2,9.608646
mumbai,869,15,7.593374
nsdxc,870,2,9.608646
bhdmiyesnetworkingwi,871,2,9.608646
specs,872,2,9.608646
greek,873,3,9.203215
release,874,28,6.968851
dazzling,875,7,8.355850
simply,876,4,8.915432
cb,877,2,9.608646
cd,878,2,9.608646
average,879,7,8.355850
cf,880,9,8.104402
tele,881,4,8.915432
ch,882,3,9.203215
palmaximum,883,2,9.608646
mavericksweight,884,2,9.608646
enlarges,885,2,9.608646
cm,886,12,7.816820
away,887,2,9.608646
ship,888,5,8.692323
battery,889,80,5.918894
twice,890,44,6.516193
simplified,891,6,8.509967
typebuilt,892,2,9.608646
registering,893,4,8.915432
primary,894,10,7.999007
dc,895,4,8.915432
blue,896,5,8.692323
resistant,897,2,9.608646
photo,898,24,7.123673
advantage,899,7,8.355850
package,900,4,8.915432
speed,901,43,6.539586
price,902,36,6.717805
track,903,43,6.539586
measured,904,31,6.866933
description,905,122,5.497168
bracketing,906,13,7.736743
removal,907,2,9.608646
dx,908,58,6.240276
covered,909,2,9.608646
processor,910,10,7.999007
nearby,911,2,9.608646
cyanotype,912,2,9.608646
measures,913,3,9.203215
indiatimes,914,5,8.692323
simple,915,8,8.222285
ed,916,31,6.866933
ef,917,27,7.005789
eh,918,6,8.509967
twilight,919,4,8.915432
incandescent,920,19,7.356918
blink,921,2,9.608646
el,922,10,7.999007
en,923,8,8.222285
ep,924,3,9.203215
slower,925,7,8.355850
automatically,926,35,6.746412
inc,927,2,9.608646
ex,928,20,7.305860
adjusts,929,5,8.692323
displayed,930,2,9.608646
combined,931,2,9.608646
previously,932,50,6.388561
nphotographs,933,4,8.915432
road,934,4,8.915432
portraits,935,4,8.915432
guidelines,936,3,9.203215
nsee,937,62,6.173786
contain,938,5,8.692323
partial,939,8,8.222285
areas,940,55,6.293419
fi,941,11,7.903596
poster,942,4,8.915432
zip,943,4,8.915432
processordual,944,2,9.608646
address,945,4,8.915432
systemntsc,946,2,9.608646
fx,947,5,8.692323
premium,948,5,8.692323
work,949,8,8.222285
selective,950,5,8.692323
breach,951,2,9.608646
vista,952,11,7.903596
interchange,953,2,9.608646
gb,954,2,9.608646
gps,955,8,8.222285
pixelsvideo,956,2,9.608646
offering,957,2,9.608646
aspect,958,10,7.999007
go,959,4,8.915432
gp,960,3,9.203215
exposure,961,84,5.869297
definitions,962,283,4.653960
interface,963,12,7.816820
shopmania,964,12,7.816820
nbluetooth,965,2,9.608646
exampe,966,5,8.692323
ndelete,967,2,9.608646
napplicable,968,41,6.587550
status,969,2,9.608646
starter,970,4,8.915432
kit,971,146,5.318120
according,972,7,8.355850
lengths,973,3,9.203215
hd,974,69,6.066108
capturing,975,5,8.692323
hg,976,2,9.608646
replacement,977,2,9.608646
hi,978,19,7.356918
diopter,979,6,8.509967
hs,980,8,8.222285
isapsoperational,981,2,9.608646
record,982,6,8.509967
isaps,983,2,9.608646
cze,984,2,9.608646
nmany,985,2,9.608646
imagebrowserother,986,2,9.608646
final,987,6,8.509967
accuracy,988,4,8.915432
business,989,2,9.608646
thirds,990,2,9.608646
lifetime,991,6,8.509967
ii,992,58,6.240276
term,993,5,8.692323
ip,994,2,9.608646
http,995,8,8.222285
incremental,996,3,9.203215
is,997,10,7.999007
cannon,998,2,9.608646
aelight,999,2,9.608646
american,1000,5,8.692323
show,1001,36,6.717805
pixel,1002,72,6.023448
conditionsoperating,1003,4,8.915432
faster,1004,17,7.468513
function,1005,69,6.066108
various,1006,5,8.692323
gpackaging,1007,4,8.915432
manufacturer,1008,59,6.222576
flash,1009,171,5.159055
response,1010,3,9.203215
sdxc,1011,32,6.835185
finder,1012,4,8.915432
larger,1013,35,6.746412
actually,1014,2,9.608646
ndaylight,1015,4,8.915432
postage,1016,3,9.203215
wex,1017,4,8.915432
count,1018,8,8.222285
retro,1019,5,8.692323
exposures,1020,3,9.203215
kf,1021,2,9.608646
kg,1022,15,7.593374
damages,1023,2,9.608646
xhistogramyesbuilt,1024,2,9.608646
slip,1025,4,8.915432
durability,1026,23,7.166266
detailed,1027,6,8.509967
examples,1028,5,8.692323
nviewfinder,1029,4,8.915432
details,1030,318,4.532599
ultra,1031,11,7.903596
adjusting,1032,5,8.692323
sure,1033,2,9.608646
lb,1034,4,8.915432
time,1035,97,5.726848
lh,1036,4,8.915432
li,1037,26,7.043160
communication,1038,2,9.608646
ndpof,1039,2,9.608646
ll,1040,12,7.816820
clicks,1041,3,9.203215
lp,1042,6,8.509967
media,1043,10,7.999007
single,1044,100,5.693732
typesd,1045,2,9.608646
energy,1046,6,8.509967
highlights,1047,7,8.355850
press,1048,8,8.222285
fleeting,1049,3,9.203215
mb,1050,9,8.104402
snowphoto,1051,2,9.608646
audio,1052,15,7.593374
mf,1053,4,8.915432
mh,1054,5,8.692323
raw,1055,72,6.023448
lossless,1056,4,8.915432
spend,1057,4,8.915432
rohs,1058,2,9.608646
mp,1059,114,5.564520
ms,1060,3,9.203215
really,1061,5,8.692323
tiny,1062,4,8.915432
responsive,1063,3,9.203215
viewfinder,1064,42,6.563856
give,1065,4,8.915432
kor,1066,2,9.608646
moreabout,1067,277,4.672829
seconds,1068,4,8.915432
nb,1069,4,8.915432
nc,1070,2,9.608646
within,1071,7,8.355850
expandable,1072,8,8.222285
featuresusb,1073,2,9.608646
memory,1074,90,5.799093
autumn,1075,2,9.608646
lithium,1076,16,7.528869
previous,1077,57,6.257668
np,1078,6,8.509967
chinese,1079,6,8.509967
outline,1080,2,9.608646
cropping,1081,5,8.692323
backpack,1082,2,9.608646
thumbnail,1083,4,8.915432
demands,1084,3,9.203215
simpl,1085,2,9.608646
norwegian,1086,3,9.203215
optimum,1087,4,8.915432
servo,1088,69,6.066108
imagebrowsertechnical,1089,2,9.608646
niso,1090,6,8.509967
warranty,1091,25,7.082549
additional,1092,2,9.608646
calendar,1093,4,8.915432
indicator,1094,2,9.608646
operational,1095,5,8.692323
approved,1096,9,8.104402
scene,1097,32,6.835185
becoming,1098,30,6.899723
cmdepth,1099,4,8.915432
australia,1100,31,6.866933
oz,1101,11,7.903596
print,1102,19,7.356918
capacity,1103,5,8.692323
rotation,1104,8,8.222285
briteview,1105,4,8.915432
mjpeg,1106,4,8.915432
microphone,1107,23,7.166266
matrix,1108,15,7.593374
descriptions,1109,19,7.356918
dolby,1110,4,8.915432
pl,1111,2,9.608646
typelp,1112,2,9.608646
compatible,1113,28,6.968851
underwater,1114,9,8.104402
external,1115,29,6.934397
printingyescamera,1116,2,9.608646
edit,1117,2,9.608646
pw,1118,2,9.608646
px,1119,7,8.355850
norweigan,1120,2,9.608646
counteracts,1121,4,8.915432
prior,1122,58,6.240276
effect,1123,12,7.816820
compatibility,1124,8,8.222285
dan,1125,2,9.608646
assist,1126,12,7.816820
scamera,1127,3,9.203215
hungarian,1128,3,9.203215
day,1129,5,8.692323
slot,1130,4,8.915432
fees,1131,4,8.915432
slow,1132,44,6.516193
pocket,1133,9,8.104402
nmetering,1134,2,9.608646
choice,1135,23,7.166266
guide,1136,6,8.509967
everyone,1137,4,8.915432
nikkor,1138,24,7.123673
book,1139,2,9.608646
fires,1140,10,7.999007
protectors,1141,2,9.608646
typenb,1142,2,9.608646
rc,1143,2,9.608646
daylight,1144,31,6.866933
re,1145,11,7.903596
surat,1146,2,9.608646
stabilizer,1147,9,8.104402
superior,1148,63,6.156979
fpsfull,1149,4,8.915432
child,1150,7,8.355850
focusing,1151,11,7.903596
possible,1152,64,6.142037
basic,1153,16,7.528869
those,1154,7,8.355850
followings,1155,2,9.608646
rs,1156,13,7.736743
waterproofno,1157,2,9.608646
nauto,1158,4,8.915432
centered,1159,3,9.203215
sensitivity,1160,21,7.257003
peripheral,1161,3,9.203215
dcf,1162,26,7.043160
nresolution,1163,6,8.509967
unnecessary,1164,56,6.274762
describing,1165,5,8.692323
sa,1166,8,8.222285
sb,1167,2,9.608646
autofocusing,1168,49,6.408529
sd,1169,46,6.472346
se,1170,3,9.203215
human,1171,3,9.203215
sg,1172,6,8.509967
sec,1173,48,6.429719
see,1174,297,4.605170
sl,1175,3,9.203215
white,1176,103,5.666427
bulb,1177,8,8.222285
flexible,1178,8,8.222285
sel,1179,2,9.608646
nhigher,1180,4,8.915432
jpeg,1181,143,5.337538
st,1182,23,7.166266
express,1183,6,8.509967
languagesara,1184,2,9.608646
set,1185,66,6.111467
identical,1186,6,8.509967
sealed,1187,6,8.509967
plastic,1188,48,6.429719
service,1189,5,8.692323
imperfections,1190,149,5.293305
shopclues,1191,5,8.692323
arithmetical,1192,5,8.692323
smooth,1193,2,9.608646
nadditional,1194,2,9.608646
meteringcentre,1195,4,8.915432
unopened,1196,48,6.429719
movie,1197,121,5.505332
catching,1198,6,8.509967
one,1199,9,8.104402
normally,1200,2,9.608646
tr,1201,2,9.608646
normal,1202,22,7.210080
p,1203,34,6.775366
distance,1204,13,7.736743
fiyescameraimage,1205,2,9.608646
def,1206,3,9.203215
indicators,1207,3,9.203215
complementing,1208,23,7.166266
nef,1209,33,6.804615
converter,1210,2,9.608646
ud,1211,2,9.608646
custom,1212,33,6.804615
lhnumber,1213,2,9.608646
deu,1214,2,9.608646
uk,1215,2,9.608646
nlcd,1216,5,8.692323
up,1217,79,5.932245
improved,1218,24,7.123673
broad,1219,3,9.203215
accessory,1220,5,8.692323
cardscfdisplaydisplaylcddisplay,1221,2,9.608646
start,1222,10,7.999007
nknd,1223,2,9.608646
shopping,1224,11,7.903596
great,1225,33,6.804615
slta,1226,2,9.608646
inspiring,1227,3,9.203215
vertical,1228,18,7.410952
ve,1229,6,8.509967
supportedjpgmaximum,1230,2,9.608646
playful,1231,4,8.915432
reflections,1232,4,8.915432
fidelity,1233,3,9.203215
resolutions,1234,4,8.915432
vr,1235,76,5.968708
fluorescent,1236,41,6.587550
large,1237,80,5.918894
shot,1238,25,7.082549
seven,1239,2,9.608646
circle,1240,4,8.915432
opt,1241,4,8.915432
attach,1242,3,9.203215
cable,1243,22,7.210080
wb,1244,5,8.692323
step,1245,7,8.355850
pull,1246,4,8.915432
pattern,1247,6,8.509967
wi,1248,7,8.355850
sale,1249,20,7.305860
buyer,1250,5,8.692323
reflex,1251,2,9.608646
tones,1252,3,9.203215
ws,1253,2,9.608646
wt,1254,6,8.509967
wu,1255,2,9.608646
reduction,1256,67,6.095825
fast,1257,23,7.166266
packaged,1258,47,6.450470
way,1259,5,8.692323
access,1260,3,9.203215
visual,1261,6,8.509967
sandisk,1262,3,9.203215
provide,1263,10,7.999007
expenses,1264,2,9.608646
kits,1265,3,9.203215
order,1266,19,7.356918
acquires,1267,56,6.274762
xh,1268,3,9.203215
nikond,1269,6,8.509967
maintains,1270,56,6.274762
density,1271,2,9.608646
same,1272,56,6.274762
xp,1273,9,8.104402
software,1274,5,8.692323
typedcf,1275,2,9.608646
structure,1276,25,7.082549
info,1277,12,7.816820
actuation,1278,2,9.608646
paired,1279,3,9.203215
pune,1280,13,7.736743
retouch,1281,2,9.608646
metering,1282,71,6.037871
optics,1283,3,9.203215
sized,1284,6,8.509967
af,1285,116,5.545177
mode,1286,101,5.683580
spot,1287,66,6.111467
secure,1288,14,7.662468
accurate,1289,56,6.274762
turkish,1290,3,9.203215
vividself,1291,2,9.608646
flashyesflash,1292,4,8.915432
sizes,1293,4,8.915432
passes,1294,4,8.915432
autolight,1295,2,9.608646
comment,1296,2,9.608646
close,1297,13,7.736743
typerechargeable,1298,2,9.608646
sony,1299,23,7.166266
ndetails,1300,12,7.816820
digic,1301,38,6.663133
bird,1302,6,8.509967
output,1303,22,7.210080
anywhere,1304,4,8.915432
minimal,1305,7,8.355850
matching,1306,3,9.203215
headphone,1307,4,8.915432
slr,1308,358,4.418840
speedlites,1309,23,7.166266
methods,1310,6,8.509967
lighting,1311,17,7.468513
ack,1312,4,8.915432
design,1313,14,7.662468
loss,1314,2,9.608646
manual,1315,72,6.023448
robust,1316,3,9.203215
na,1317,11,7.903596
osd,1318,2,9.608646
efficient,1319,6,8.509967
systemdpof,1320,2,9.608646
steps,1321,28,6.968851
performance,1322,7,8.355850
photos,1323,18,7.410952
motion,1324,30,6.899723
out,1325,29,6.934397
isapsdesigncolour,1326,2,9.608646
develops,1327,6,8.509967
october,1328,18,7.410952
hdr,1329,3,9.203215
signs,1330,207,4.962845
ncontinuous,1331,5,8.692323
stabilizeryesimage,1332,2,9.608646
heb,1333,2,9.608646
panel,1334,5,8.692323
wft,1335,2,9.608646
charging,1336,2,9.608646
dmc,1337,2,9.608646
position,1338,5,8.692323
editing,1339,54,6.311735
extreme,1340,3,9.203215
equipped,1341,52,6.349139
important,1342,6,8.509967
length,1343,23,7.166266
types,1344,8,8.222285
speeds,1345,14,7.662468
december,1346,2,9.608646
gms,1347,3,9.203215
lockyesflash,1348,2,9.608646
features,1349,42,6.563856
communicate,1350,2,9.608646
specifications,1351,15,7.593374
chennai,1352,15,7.593374
magnification,1353,28,6.968851
difficult,1354,4,8.915432
formats,1355,9,8.104402
redeye,1356,5,8.692323
balancing,1357,2,9.608646
weighted,1358,38,6.663133
accesories,1359,2,9.608646
slryesprocessorbuilt,1360,2,9.608646
impressive,1361,4,8.915432
sp,1362,10,7.999007
metallic,1363,4,8.915432
composite,1364,15,7.593374
input,1365,4,8.915432
compressed,1366,13,7.736743
mirrorless,1367,19,7.356918
connected,1368,4,8.915432
facility,1369,2,9.608646
ports,1370,4,8.915432
reproduction,1371,25,7.082549
home,1372,4,8.915432
many,1373,7,8.355850
don,1374,13,7.736743
recipient,1375,4,8.915432
romanian,1376,3,9.203215
side,1377,3,9.203215
prices,1378,40,6.612041
dot,1379,24,7.123673
still,1380,84,5.869297
self,1381,13,7.736743
pricey,1382,2,9.608646
czech,1383,5,8.692323
mega,1384,34,6.775366
typemini,1385,2,9.608646
xports,1386,2,9.608646
electronic,1387,32,6.835185
country,1388,2,9.608646
tripod,1389,20,7.305860
fujifilm,1390,10,7.999007
throughout,1391,53,6.331502
kolkatta,1392,11,7.903596
effectsblack,1393,3,9.203215
file,1394,15,7.593374
crisp,1395,8,8.222285
hybrid,1396,10,7.999007
seller,1397,274,4.682131
compensationyesexternal,1398,2,9.608646
without,1399,70,6.052089
fill,1400,66,6.111467
film,1401,7,8.355850
wear,1402,181,5.099866
colors,1403,9,8.104402
typeslr,1404,2,9.608646
states,1405,10,7.999007
whether,1406,6,8.509967
selector,1407,11,7.903596
lock,1408,6,8.509967
lan,1409,3,9.203215
detachable,1410,5,8.692323
nfluorescent,1411,4,8.915432
excellent,1412,58,6.240276
hit,1413,5,8.692323
stop,1414,3,9.203215
ntungsten,1415,2,9.608646
nhigh,1416,2,9.608646
save,1417,26,7.043160
ninterfaces,1418,2,9.608646
acclaimed,1419,22,7.210080
languages,1420,4,8.915432
exhand,1421,2,9.608646
jpegs,1422,21,7.257003
exceptional,1423,3,9.203215
consumables,1424,2,9.608646
find,1425,5,8.692323
fine,1426,24,7.123673
enjoying,1427,4,8.915432
amazing,1428,9,8.104402
micron,1429,3,9.203215
displays,1430,26,7.043160
stabilization,1431,9,8.104402
travel,1432,3,9.203215
squares,1433,4,8.915432
lcd,1434,55,6.293419
stm,1435,2,9.608646
digit,1436,4,8.915432
ptp,1437,3,9.203215
cover,1438,13,7.736743
nusb,1439,3,9.203215
timer,1440,21,7.257003
times,1441,11,7.903596
iauto,1442,3,9.203215
first,1443,12,7.816820
sub,1444,3,9.203215
os,1445,12,7.816820
supportedh,1446,2,9.608646
leakage,1447,2,9.608646
each,1448,7,8.355850
compatibilityyesweight,1449,2,9.608646
colour,1450,3,9.203215
capabilityyeshdmi,1451,2,9.608646
activated,1452,2,9.608646
mono,1453,9,8.104402
chromatic,1454,2,9.608646
reserve,1455,3,9.203215
includedyesbatteries,1456,2,9.608646
applying,1457,4,8.915432
nmanual,1458,3,9.203215
rgb,1459,71,6.037871
condition,1460,92,5.777652
shipped,1461,4,8.915432
metal,1462,2,9.608646
controlled,1463,6,8.509967
playmemories,1464,2,9.608646
ai,1465,3,9.203215
tune,1466,3,9.203215
due,1467,4,8.915432
prints,1468,8,8.222285
near,1469,6,8.509967
duo,1470,6,8.509967
diameter,1471,4,8.915432
precise,1472,8,8.222285
optical,1473,37,6.690842
dut,1474,2,9.608646
locationlensimage,1475,2,9.608646
swe,1476,2,9.608646
name,1477,11,7.903596
beginning,1478,32,6.835185
screen,1479,41,6.587550
customization,1480,3,9.203215
want,1481,11,7.903596
nexif,1482,2,9.608646
ilce,1483,7,8.355850
balanceauto,1484,6,8.509967
computers,1485,5,8.692323
qualityimage,1486,2,9.608646
coating,1487,6,8.509967
nthis,1488,2,9.608646
segments,1489,2,9.608646
lenses,1490,22,7.210080
degree,1491,2,9.608646
range,1492,33,6.804615
typecmoscamera,1493,4,8.915432
typeelectricalmagnification,1494,2,9.608646
eliminates,1495,4,8.915432
distant,1496,4,8.915432
ensure,1497,23,7.166266
fireworks,1498,3,9.203215
quantity,1499,2,9.608646
owner,1500,3,9.203215
neck,1501,101,5.683580
internally,1502,5,8.692323
creativity,1503,30,6.899723
priceme,1504,30,6.899723
liquid,1505,6,8.509967
elph,1506,2,9.608646
hot,1507,11,7.903596
orientation,1508,3,9.203215
settings,1509,18,7.410952
analog,1510,3,9.203215
more,1511,76,5.968708
typeccd,1512,2,9.608646
danish,1513,5,8.692323
enables,1514,60,6.206576
allow,1515,57,6.257668
working,1516,13,7.736743
bionz,1517,6,8.509967
come,1518,5,8.692323
mavericksbundled,1519,2,9.608646
alpha,1520,14,7.662468
packaging,1521,51,6.369901
movement,1522,4,8.915432
paid,1523,4,8.915432
italian,1524,4,8.915432
between,1525,4,8.915432
mm,1526,177,5.123964
typeelectronicflashflash,1527,2,9.608646
telephoto,1528,8,8.222285
spotauto,1529,2,9.608646
fits,1530,4,8.915432
mmblack,1531,6,8.509967
level,1532,40,6.612041
need,1533,5,8.692323
pal,1534,9,8.104402
pan,1535,9,8.104402
none,1536,3,9.203215
depends,1537,5,8.692323
hyderabad,1538,15,7.593374
seen,1539,23,7.166266
version,1540,8,8.222285
uv,1541,4,8.915432
experience,1542,2,9.608646
perfect,1543,33,6.804615
connector,1544,14,7.662468
e,1545,249,4.779123
positive,1546,2,9.608646
defective,1547,3,9.203215
modesauto,1548,4,8.915432
consuming,1549,6,8.509967
warm,1550,3,9.203215
subjects,1551,9,8.104402
ultraviolet,1552,4,8.915432
grab,1553,4,8.915432
delivers,1554,35,6.746412
modesaperture,1555,2,9.608646
wa,1556,2,9.608646
stamp,1557,2,9.608646
repair,1558,6,8.509967
delivery,1559,6,8.509967
aac,1560,9,8.104402
undamaged,1561,48,6.429719
repaired,1562,10,7.999007
trim,1563,2,9.608646
united,1564,11,7.903596
five,1565,6,8.509967
nthe,1566,9,8.104402
systemef,1567,2,9.608646
supportedwindows,1568,2,9.608646
walmart,1569,2,9.608646
zone,1570,27,7.005789
weight,1571,5,8.692323
pcm,1572,6,8.509967
open,1573,6,8.509967
balance,1574,87,5.834811
wide,1575,106,5.638355
segment,1576,7,8.355850
pixelsviewfinderviewfinder,1577,2,9.608646
conversations,1578,4,8.915432
lumix,1579,2,9.608646
lockyesauto,1580,4,8.915432
well,1581,14,7.662468
height,1582,2,9.608646
proper,1583,5,8.692323
carrying,1584,12,7.816820
cec,1585,2,9.608646
systemswindows,1586,2,9.608646
zoom,1587,59,6.222576
photographers,1588,25,7.082549
acc,1589,3,9.203215
dslrs,1590,2,9.608646
naudio,1591,3,9.203215
closing,1592,5,8.692323
plane,1593,5,8.692323
unused,1594,54,6.311735
compactflash,1595,17,7.468513
isapsbatterybattery,1596,2,9.608646
photography,1597,33,6.804615
brightness,1598,16,7.528869
interfacesusb,1599,3,9.203215
printingyesprocessorbuilt,1600,2,9.608646
alloy,1601,24,7.123673
ea,1602,2,9.608646
malfunction,1603,2,9.608646
hue,1604,4,8.915432
lockyesiso,1605,2,9.608646
per,1606,16,7.528869
drops,1607,2,9.608646
add,1608,7,8.355850
hun,1609,2,9.608646
lockyesvideovideo,1610,2,9.608646
frequently,1611,56,6.274762
productblackperformancebuilt,1612,2,9.608646
selects,1613,8,8.222285
fields,1614,3,9.203215
exclusive,1615,5,8.692323
affects,1616,2,9.608646
digital,1617,495,4.094345
diagonal,1618,8,8.222285
elements,1619,6,8.509967
situations,1620,6,8.509967
www,1621,8,8.222285
nare,1622,3,9.203215
backlighting,1623,6,8.509967
stuck,1624,4,8.915432
cleaned,1625,9,8.104402
source,1626,5,8.692323
sixtieth,1627,5,8.692323
abstract,1628,5,8.692323
dslr,1629,71,6.037871
coding,1630,3,9.203215
megapixels,1631,30,6.899723
dots,1632,12,7.816820
technology,1633,19,7.356918
sunny,1634,19,7.356918
action,1635,38,6.663133
nice,1636,3,9.203215
take,1637,19,7.356918
nblack,1638,2,9.608646
detectable,1639,2,9.608646
halfway,1640,3,9.203215
cards,1641,8,8.222285
charged,1642,3,9.203215
fungus,1643,2,9.608646
low,1644,33,6.804615
monitor,1645,11,7.903596
site,1646,17,7.468513
card,1647,97,5.726848
stills,1648,6,8.509967
charger,1649,61,6.190315
coolpix,1650,10,7.999007
inspected,1651,11,7.903596
through,1652,14,7.662468
australian,1653,6,8.509967
wired,1654,3,9.203215
timing,1655,5,8.692323
srs,1656,3,9.203215
vibration,1657,2,9.608646
delay,1658,3,9.203215
articulated,1659,3,9.203215
nshade,1660,4,8.915432
professional,1661,12,7.816820
nhdmi,1662,2,9.608646
tab,1663,283,4.653960
nsupported,1664,2,9.608646
enabled,1665,2,9.608646
sensitive,1666,4,8.915432
cleaner,1667,4,8.915432
never,1668,27,7.005789
sflash,1669,4,8.915432
homeshop,1670,3,9.203215
ways,1671,25,7.082549
pin,1672,4,8.915432
rear,1673,26,7.043160
adjust,1674,15,7.593374
brain,1675,5,8.692323
supply,1676,5,8.692323
jack,1677,6,8.509967
illuminator,1678,12,7.816820
product,1679,29,6.934397
triluminos,1680,2,9.608646
sharpness,1681,11,7.903596
down,1682,9,8.104402
nimage,1683,4,8.915432
flipkart,1684,3,9.203215
icons,1685,4,8.915432
blur,1686,8,8.222285
mmisblack,1687,2,9.608646
ultimate,1688,2,9.608646
viewfinders,1689,4,8.915432
display,1690,26,7.043160
detailsusb,1691,2,9.608646
english,1692,9,8.104402
fre,1693,2,9.608646
brand,1694,32,6.835185
canon,1695,208,4.962845
filters,1696,5,8.692323
grip,1697,13,7.736743
mount,1698,31,6.866933
contained,1699,2,9.608646
faceself,1700,4,8.915432
recharging,1701,2,9.608646
purecolor,1702,2,9.608646
button,1703,16,7.528869
clean,1704,2,9.608646
clear,1705,47,6.450470
front,1706,16,7.528869
perspective,1707,2,9.608646
greater,1708,7,8.355850
focussing,1709,3,9.203215
synchronizationbuilt,1710,2,9.608646
preset,1711,18,7.410952
curtain,1712,18,7.410952
angle,1713,39,6.637258
ease,1714,3,9.203215
sigma,1715,4,8.915432
iii,1716,7,8.355850
variety,1717,4,8.915432
typeusb,1718,2,9.608646
multiplier,1719,7,8.355850
looks,1720,4,8.915432
fractions,1721,5,8.692323
parts,1722,12,7.816820
matte,1723,4,8.915432
party,1724,4,8.915432
easy,1725,13,7.736743
broadcast,1726,3,9.203215
dgital,1727,3,9.203215
captured,1728,7,8.355850
extensive,1729,3,9.203215
surfaces,1730,5,8.692323
nincandescent,1731,3,9.203215
disks,1732,5,8.692323
nmac,1733,3,9.203215
smartmedia,1734,9,8.104402
cleaning,1735,35,6.746412
nmiscellaneous,1736,2,9.608646
xfocusingfocusttlauto,1737,2,9.608646
captures,1738,5,8.692323
definition,1739,59,6.222576
supplement,1740,4,8.915432
manipulate,1741,5,8.692323
v,1742,6,8.509967
nweight,1743,2,9.608646
ntsc,1744,12,7.816820
suppressed,1745,3,9.203215
size,1746,28,6.968851
modesselective,1747,2,9.608646
attached,1748,3,9.203215
moments,1749,6,8.509967
stunning,1750,9,8.104402
longer,1751,7,8.355850
pc,1752,3,9.203215
deliver,1753,26,7.043160
outdoor,1754,6,8.509967
sensors,1755,90,5.799093
fuji,1756,3,9.203215
bigger,1757,5,8.692323
numeric,1758,4,8.915432
nthere,1759,5,8.692323
spotshuttercamera,1760,2,9.608646
below,1761,4,8.915432
bracket,1762,2,9.608646
clearer,1763,2,9.608646
detection,1764,66,6.111467
accident,1765,2,9.608646
nttl,1766,2,9.608646
cardssd,1767,2,9.608646
delhi,1768,15,7.593374
expect,1769,3,9.203215
pol,1770,2,9.608646
ratios,1771,2,9.608646
buttons,1772,8,8.222285
reviewing,1773,5,8.692323
por,1774,2,9.608646
offer,1775,17,7.468513
faithful,1776,62,6.173786
controls,1777,6,8.509967
credit,1778,4,8.915432
nmore,1779,12,7.816820
tha,1780,2,9.608646
authorised,1781,2,9.608646
careful,1782,2,9.608646
xorientation,1783,2,9.608646
plays,1784,3,9.203215
videos,1785,7,8.355850
love,1786,4,8.915432
exif,1787,20,7.305860
ce,1788,4,8.915432
item,1789,279,4.663439
produce,1790,7,8.355850
full,1791,318,4.532599
selectable,1792,24,7.123673
achieve,1793,5,8.692323
assignment,1794,3,9.203215
actual,1795,8,8.222285
expeed,1796,22,7.210080
believe,1797,4,8.915432
sportsphoto,1798,2,9.608646
adoption,1799,55,6.293419
regarding,1800,56,6.274762
shutters,1801,2,9.608646
extended,1802,6,8.509967
sweep,1803,9,8.104402
transit,1804,3,9.203215
innovation,1805,3,9.203215
balanced,1806,56,6.274762
provides,1807,31,6.866933
power,1808,35,6.746412
connection,1809,2,9.608646
uniqueness,1810,4,8.915432
ncloudy,1811,3,9.203215
resolution,1812,79,5.932245
cmos,1813,96,5.736572
quantaray,1814,2,9.608646
ndx,1815,2,9.608646
window,1816,272,4.691348
unprinted,1817,47,6.450470
composed,1818,4,8.915432
nmanufacturer,1819,8,8.222285
orange,1820,5,8.692323
expand,1821,26,7.043160
freeze,1822,11,7.903596
aps,1823,30,6.899723
enjoy,1824,5,8.692323
pre,1825,3,9.203215
operating,1826,5,8.692323
nine,1827,54,6.311735
used,1828,262,4.727388
mmminimum,1829,3,9.203215
supportedmac,1830,2,9.608646
dimensionswidth,1831,4,8.915432
tilting,1832,2,9.608646
user,1833,14,7.662468
uses,1834,9,8.104402
worrying,1835,4,8.915432
preventing,1836,4,8.915432
npc,1837,2,9.608646
technologylithium,1838,4,8.915432
rich,1839,7,8.355850
recorded,1840,2,9.608646
transmission,1841,3,9.203215
brackets,1842,4,8.915432
cloudy,1843,32,6.835185
operation,1844,15,7.593374
softwareimagebrowser,1845,2,9.608646
ara,1846,2,9.608646
buzzillions,1847,7,8.355850
called,1848,33,6.804615
yields,1849,3,9.203215
direct,1850,11,7.903596
positioned,1851,3,9.203215
typedigital,1852,2,9.608646
pleasure,1853,4,8.915432
principal,1854,4,8.915432
sealing,1855,23,7.166266
reviews,1856,27,7.005789
once,1857,6,8.509967
exquisitely,1858,4,8.915432
wav,1859,4,8.915432
mpeg,1860,26,7.043160
arw,1861,3,9.203215
rate,1862,6,8.509967
compose,1863,4,8.915432
sepia,1864,8,8.222285
limited,1865,64,6.142037
adjusted,1866,6,8.509967
lights,1867,6,8.509967
misuse,1868,2,9.608646
different,1869,5,8.692323
bundle,1870,17,7.468513
wider,1871,3,9.203215
horizons,1872,23,7.166266
ask,1873,2,9.608646
square,1874,4,8.915432
hdmi,1875,50,6.388561
luminosity,1876,2,9.608646
click,1877,4,8.915432
playback,1878,10,7.999007
nz,1879,2,9.608646
except,1880,8,8.222285
speaker,1881,2,9.608646
photographer,1882,32,6.835185
unfocused,1883,5,8.692323
check,1884,2,9.608646
class,1885,4,8.915432
sx,1886,14,7.662468
put,1887,3,9.203215
bag,1888,82,5.894403
illumination,1889,2,9.608646
carry,1890,7,8.355850
slryes,1891,2,9.608646
code,1892,5,8.692323
g,1893,22,7.210080
multiple,1894,25,7.082549
fujifilmx,1895,3,9.203215
mplens,1896,4,8.915432
peaking,1897,2,9.608646
ev,1898,24,7.123673
reader,1899,8,8.222285
softwarezoombrowser,1900,2,9.608646
customer,1901,2,9.608646
object,1902,4,8.915432
active,1903,58,6.240276
optional,1904,15,7.593374
tft,1905,16,7.528869
lithographic,1906,3,9.203215
softwarebundled,1907,2,9.608646
today,1908,6,8.509967
axis,1909,23,7.166266
rangefinder,1910,4,8.915432
upwards,1911,5,8.692323
indonesian,1912,4,8.915432
functionality,1913,3,9.203215
require,1914,3,9.203215
demanding,1915,23,7.166266
device,1916,8,8.222285
style,1917,9,8.104402
lc,1918,6,8.509967
top,1919,7,8.355850
end,1920,51,6.369901
made,1921,14,7.662468
nwrite,1922,2,9.608646
eng,1923,2,9.608646
transmitter,1924,4,8.915432
avi,1925,10,7.999007
fuss,1926,4,8.915432
together,1927,48,6.429719
utilize,1928,2,9.608646
playbackmovie,1929,2,9.608646
quickly,1930,8,8.222285
resize,1931,2,9.608646
long,1932,32,6.835185
superb,1933,25,7.082549
several,1934,9,8.104402
soaring,1935,6,8.509967
polysilicon,1936,4,8.915432
weee,1937,2,9.608646
studio,1938,3,9.203215
exactly,1939,6,8.509967
overabundance,1940,5,8.692323
synchrobuilt,1941,2,9.608646
freedom,1942,2,9.608646
featuring,1943,2,9.608646
eos,1944,151,5.283204
illustrate,1945,5,8.692323
series,1946,3,9.203215
quicktime,1947,11,7.903596
weather,1948,25,7.082549
rechargeable,1949,12,7.816820
nfeatures,1950,3,9.203215
rating,1951,8,8.222285
extendable,1952,2,9.608646
via,1953,4,8.915432
rays,1954,4,8.915432
mail,1955,3,9.203215
main,1956,8,8.222285
containing,1957,43,6.539586
feature,1958,5,8.692323
phase,1959,16,7.528869
usually,1960,6,8.509967
mac,1961,10,7.999007
users,1962,48,6.429719
sharper,1963,5,8.692323
assured,1964,2,9.608646
nshooting,1965,2,9.608646
unmatched,1966,3,9.203215
seeing,1967,6,8.509967
upgradeable,1968,4,8.915432
include,1969,11,7.903596
typecompactmegapixel,1970,2,9.608646
max,1971,9,8.104402
blazing,1972,6,8.509967
nsd,1973,2,9.608646
defects,1974,7,8.355850
precision,1975,5,8.692323
though,1976,5,8.692323
systemfocal,1977,4,8.915432
tuning,1978,6,8.509967
bengali,1979,3,9.203215
complete,1980,26,7.043160
lag,1981,7,8.355850
august,1982,4,8.915432
make,1983,10,7.999007
lye,1984,2,9.608646
ebay,1985,138,5.370638
kl,1986,2,9.608646
kitmegapixel,1987,2,9.608646
dutch,1988,5,8.692323
udma,1989,8,8.222285
japan,1990,28,6.968851
read,1991,278,4.672829
outstanding,1992,19,7.356918
ttl,1993,46,6.472346
enters,1994,8,8.222285
hdtv,1995,3,9.203215
ncolor,1996,2,9.608646
tungsten,1997,13,7.736743
fujinon,1998,2,9.608646
please,1999,10,7.999007
water,2000,2,9.608646
cond,2001,2,9.608646
frames,2002,21,7.257003
asa,2003,5,8.692323
esp,2004,2,9.608646
mmisand,2005,2,9.608646
acquire,2006,35,6.746412
turn,2007,4,8.915432
remains,2008,5,8.692323
typemicropictbridgeyesusb,2009,2,9.608646
strapyesbattery,2010,2,9.608646
zeemo,2011,2,9.608646
tur,2012,2,9.608646
etc,2013,2,9.608646
focusauto,2014,2,9.608646
malfunctioning,2015,2,9.608646
process,2016,4,8.915432
render,2017,3,9.203215
automatic,2018,13,7.736743
using,2019,18,7.410952
protection,2020,5,8.692323
stick,2021,10,7.999007
meet,2022,3,9.203215
cool,2023,4,8.915432
happens,2024,10,7.999007
stored,2025,7,8.355850
levels,2026,7,8.355850
overexposure,2027,4,8.915432
takes,2028,10,7.999007
stabilizeryesmaximum,2029,2,9.608646
